"model","FH","MAE","MAPE","RMSE"
"VMD_SSA-STACK","1-steps",0.221633362415291,0.043306742116622,0.31147338713035
"knn","1-steps",0.275324873718511,0.0535461411442044,0.389910046078735
"pls","1-steps",0.229954665020046,0.0442450025316837,0.321147992784911
"ridge","1-steps",0.232162884431248,0.0447888482949686,0.323794530475373
"svmLinear2","1-steps",0.241033065554118,0.0465661098596172,0.331701168294971
"VMD_SSA-STACK","3-steps",0.226446695294645,0.0438685763445497,0.318558370351631
"knn","3-steps",0.311392004918415,0.0594989989952009,0.43734098006071
"pls","3-steps",0.235998583115321,0.045320146382079,0.332029352304036
"ridge","3-steps",0.237781145083768,0.0457224589676674,0.334027070168752
"svmLinear2","3-steps",0.269348057265671,0.0518229560563632,0.366397181286966
"VMD_SSA-STACK","6-steps",0.267870580771613,0.0520657714066226,0.377795603422318
"knn","6-steps",0.386357154767337,0.0729028642242422,0.55045914209007
"pls","6-steps",0.283307135966978,0.0544557870266494,0.398117687292903
"ridge","6-steps",0.280189778112216,0.0537548370262843,0.392756066261628
"svmLinear2","6-steps",0.363126408693245,0.068933049944097,0.495001480847521
