"model","FH","MAE","MAPE","RMSE"
"VMD-STACK","1-steps",0.466166036753427,0.0665789308496383,0.596279807650115
"knn","1-steps",0.487176461306267,0.0690741360503612,0.625026657816321
"pls","1-steps",0.44458830266872,0.0635742423119262,0.569433644070125
"ridge","1-steps",0.44431676732611,0.0635280927748035,0.569039649244003
"svmLinear2","1-steps",0.445330577917067,0.0636608800869525,0.57164215802905
